Datetime,Water Level (m)
2025-04-24 18:00:00,-0.002205116
2025-04-24 19:00:00,0.21150132
2025-04-24 20:00:00,0.36817652
2025-04-24 21:00:00,0.4704944
2025-04-24 22:00:00,0.51034844
2025-04-24 23:00:00,0.5012081
2025-04-25 00:00:00,0.43155533
2025-04-25 01:00:00,0.30406207
2025-04-25 02:00:00,0.19954859
2025-04-25 03:00:00,0.15198956
2025-04-25 04:00:00,0.11623832
2025-04-25 05:00:00,0.07770422
2025-04-25 06:00:00,0.043044273
2025-04-25 07:00:00,0.09065832
2025-04-25 08:00:00,0.32420433
2025-04-25 09:00:00,0.47531956
2025-04-25 10:00:00,0.57248014
2025-04-25 11:00:00,0.59980375
2025-04-25 12:00:00,0.5700992
2025-04-25 13:00:00,0.4676829
2025-04-25 14:00:00,0.332305
2025-04-25 15:00:00,0.24891154
2025-04-25 16:00:00,0.20894825
2025-04-25 17:00:00,0.16791704
2025-04-25 18:00:00,0.12192016
2025-04-25 19:00:00,0.115877375
2025-04-25 20:00:00,0.30640388
2025-04-25 21:00:00,0.48375508
2025-04-25 22:00:00,0.6012233
2025-04-25 23:00:00,0.6467186
2025-04-26 00:00:00,0.621294
2025-04-26 01:00:00,0.51997125
2025-04-26 02:00:00,0.38204217
2025-04-26 03:00:00,0.28973132
2025-04-26 04:00:00,0.23494248
2025-04-26 05:00:00,0.19041507
2025-04-26 06:00:00,0.14435814
2025-04-26 07:00:00,0.10985476
2025-04-26 08:00:00,0.22725902
2025-04-26 09:00:00,0.4559682
2025-04-26 10:00:00,0.5997328
2025-04-26 11:00:00,0.68103456
2025-04-26 12:00:00,0.68787473
2025-04-26 13:00:00,0.62808865
2025-04-26 14:00:00,0.49965954
2025-04-26 15:00:00,0.37275124
2025-04-26 16:00:00,0.30836755
2025-04-26 17:00:00,0.26096508
2025-04-26 18:00:00,0.2140212
2025-04-26 19:00:00,0.1699758
2025-04-26 20:00:00,0.17636949
2025-04-26 21:00:00,0.38913155
2025-04-26 22:00:00,0.5618599
2025-04-26 23:00:00,0.6702325
2025-04-27 00:00:00,0.6994519
2025-04-27 01:00:00,0.6453714
2025-04-27 02:00:00,0.5132134
2025-04-27 03:00:00,0.38487217
2025-04-27 04:00:00,0.3072281
2025-04-27 05:00:00,0.25595915
2025-04-27 06:00:00,0.21118619
2025-04-27 07:00:00,0.16658615
2025-04-27 08:00:00,0.14519371
2025-04-27 09:00:00,0.33736742
2025-04-27 10:00:00,0.5413242
2025-04-27 11:00:00,0.67164445
2025-04-27 12:00:00,0.735128
2025-04-27 13:00:00,0.72739387
2025-04-27 14:00:00,0.645915
2025-04-27 15:00:00,0.50642914
2025-04-27 16:00:00,0.40626666
2025-04-27 17:00:00,0.34748694
2025-04-27 18:00:00,0.29237187
2025-04-27 19:00:00,0.23838578
2025-04-27 20:00:00,0.19040051
2025-04-27 21:00:00,0.24494709
2025-04-27 22:00:00,0.47575194
2025-04-27 23:00:00,0.6301769
2025-04-28 00:00:00,0.7141438
2025-04-28 01:00:00,0.71132
2025-04-28 02:00:00,0.6185146
2025-04-28 03:00:00,0.4760899
2025-04-28 04:00:00,0.37293258
2025-04-28 05:00:00,0.30534643
2025-04-28 06:00:00,0.25447756
2025-04-28 07:00:00,0.20645839
2025-04-28 08:00:00,0.16114666
2025-04-28 09:00:00,0.17657739
2025-04-28 10:00:00,0.41927615
2025-04-28 11:00:00,0.599555
2025-04-28 12:00:00,0.72282857
2025-04-28 13:00:00,0.76555806
2025-04-28 14:00:00,0.7281265
2025-04-28 15:00:00,0.601566
2025-04-28 16:00:00,0.45592114
2025-04-28 17:00:00,0.3742945
2025-04-28 18:00:00,0.33060247
2025-04-28 19:00:00,0.27456555
2025-04-28 20:00:00,0.22092369
2025-04-28 21:00:00,0.18499507
2025-04-28 22:00:00,0.3011364
2025-04-28 23:00:00,0.5150573
2025-04-29 00:00:00,0.65013975
2025-04-29 01:00:00,0.7090058
2025-04-29 02:00:00,0.6770998
2025-04-29 03:00:00,0.5545911
2025-04-29 04:00:00,0.42701703
2025-04-29 05:00:00,0.33922967
2025-04-29 06:00:00,0.27432182
2025-04-29 07:00:00,0.22327632
2025-04-29 08:00:00,0.17213136
2025-04-29 09:00:00,0.12942946
2025-04-29 10:00:00,0.25131726
2025-04-29 11:00:00,0.5023177
2025-04-29 12:00:00,0.64604837
2025-04-29 13:00:00,0.74763286
2025-04-29 14:00:00,0.75901705
2025-04-29 15:00:00,0.70186347
2025-04-29 16:00:00,0.57473147
2025-04-29 17:00:00,0.4444514
2025-04-29 18:00:00,0.3710214
2025-04-29 19:00:00,0.31467533
2025-04-29 20:00:00,0.25983077
2025-04-29 21:00:00,0.20958437
2025-04-29 22:00:00,0.17681262
2025-04-29 23:00:00,0.32489562
2025-04-30 00:00:00,0.5214205
2025-04-30 01:00:00,0.64225143
2025-04-30 02:00:00,0.68233085
2025-04-30 03:00:00,0.6286956
2025-04-30 04:00:00,0.49198198
2025-04-30 05:00:00,0.3818131
2025-04-30 06:00:00,0.3018982
2025-04-30 07:00:00,0.24214843
2025-04-30 08:00:00,0.19364491
2025-04-30 09:00:00,0.1476854
2025-04-30 10:00:00,0.123699635
2025-04-30 11:00:00,0.3000879
2025-04-30 12:00:00,0.5201026
2025-04-30 13:00:00,0.65836155
2025-04-30 14:00:00,0.7356089
2025-04-30 15:00:00,0.7381959
2025-04-30 16:00:00,0.6634651
2025-04-30 17:00:00,0.5237083
2025-04-30 18:00:00,0.4094362
